AVG_RANK,AUCTION,NAME,TEAM,BYE,PPR_RANK,STD_RANK,PPR_POSRANK,STD_POSRANK,PPR_AUCTION,STD_AUCTION
1.0 , 59.5 , ADRIAN PETERSON , MIN , 10 , 1 , 1 , RB1 , RB1 , 60 , 59
2.5 , 58.0 , JAMAAL CHARLES , KC , 6 , 2 , 3 , RB2 , RB3 , 59 , 57
2.5 , 58.0 , LESEAN MCCOY , PHI , 7 , 3 , 2 , RB3 , RB2 , 58 , 58
4.0 , 54.5 , MATT FORTE , CHI , 9 , 4 , 4 , RB4 , RB4 , 55 , 54
5.0 , 53.5 , MARSHAWN LYNCH , SEA , 4 , 5 , 5 , RB5 , RB5 , 54 , 53
6.0 , 52.5 , EDDIE LACY , GB , 9 , 6 , 6 , RB6 , RB6 , 53 , 52
7.0 , 51.5 , CALVIN JOHNSON , DET , 9 , 7 , 7 , WR1 , WR1 , 52 , 51
8.5 , 48.5 , PEYTON MANNING , DEN , 4 , 9 , 8 , QB1 , QB1 , 48 , 49
9.0 , 49.0 , JIMMY GRAHAM , NO , 6 , 8 , 10 , TE1 , TE1 , 51 , 47
11.5 , 44.0 , DOUG MARTIN , TB , 7 , 12 , 11 , RB8 , RB8 , 43 , 45
12.0 , 43.5 , DEMARCO MURRAY , DAL , 11 , 11 , 13 , RB7 , RB9 , 45 , 42
12.5 , 43.5 , DEMARYIUS THOMAS , DEN , 4 , 10 , 15 , WR2 , WR2 , 47 , 40
12.5 , 43.5 , ARIAN FOSTER , HOU , 10 , 16 , 9 , RB10 , RB7 , 39 , 48
12.5 , 42.5 , AARON RODGERS , GB , 9 , 13 , 12 , QB2 , QB2 , 42 , 43
14.5 , 40.5 , LE'VEON BELL , PIT , 12 , 15 , 14 , RB9 , RB10 , 40 , 41
16.0 , 39.5 , DEZ BRYANT , DAL , 11 , 14 , 18 , WR3 , WR4 , 41 , 38
17.0 , 39.0 , DREW BREES , NO , 6 , 17 , 17 , QB3 , QB3 , 39 , 39
17.5 , 38.0 , A.J. GREEN , CIN , 4 , 19 , 16 , WR4 , WR3 , 37 , 39
21.0 , 35.0 , ZAC STACY , STL , 4 , 23 , 19 , RB14 , RB11 , 33 , 37
21.5 , 35.0 , MONTEE BALL , DEN , 4 , 18 , 25 , RB11 , RB13 , 38 , 32
22.0 , 34.5 , BRANDON MARSHALL , CHI , 9 , 24 , 20 , WR5 , WR5 , 32 , 37
23.0 , 34.0 , GIOVANI BERNARD , CIN , 4 , 20 , 26 , RB12 , RB14 , 37 , 31
23.5 , 33.5 , JULIO JONES , ATL , 9 , 26 , 21 , WR6 , WR6 , 31 , 36
25.0 , 32.0 , JORDY NELSON , GB , 9 , 28 , 22 , WR8 , WR7 , 30 , 34
25.0 , 32.5 , REGGIE BUSH , DET , 9 , 21 , 29 , RB13 , RB15 , 36 , 29
26.5 , 30.5 , ALSHON JEFFERY , CHI , 9 , 29 , 24 , WR9 , WR8 , 29 , 32
27.5 , 30.0 , ALFRED MORRIS , WAS , 10 , 32 , 23 , RB16 , RB12 , 27 , 33
27.5 , 30.0 , ANTONIO BROWN , PIT , 12 , 27 , 28 , WR7 , WR9 , 30 , 30
28.5 , 29.5 , JULIUS THOMAS , DEN , 4 , 30 , 27 , TE2 , TE2 , 29 , 30
30.5 , 27.5 , MATTHEW STAFFORD , DET , 9 , 22 , 39 , QB4 , QB4 , 34 , 21
31.5 , 27.5 , BEN TATE , CLE , 4 , 31 , 32 , RB15 , RB16 , 28 , 27
32.5 , 26.5 , RANDALL COBB , GB , 9 , 35 , 30 , WR11 , WR10 , 24 , 29
32.5 , 26.5 , ANDRE JOHNSON , HOU , 10 , 34 , 31 , WR10 , WR11 , 25 , 28
35.0 , 24.5 , ANDREW LUCK , IND , 10 , 25 , 45 , QB5 , QB5 , 32 , 17
35.0 , 24.0 , VINCENT JACKSON , TB , 7 , 37 , 33 , WR12 , WR12 , 22 , 26
36.0 , 23.0 , LARRY FITZGERALD , ARI , 4 , 38 , 34 , WR13 , WR13 , 21 , 25
38.5 , 20.5 , PIERRE GARCON , WAS , 10 , 41 , 36 , WR14 , WR14 , 18 , 23
39.5 , 21.0 , ANDRE ELLINGTON , ARI , 4 , 33 , 46 , RB17 , RB20 , 26 , 16
40.0 , 20.0 , KEENAN ALLEN , SD , 10 , 42 , 38 , WR15 , WR15 , 18 , 22
40.0 , 20.0 , ROB GRONKOWSKI , NE , 10 , 45 , 35 , TE3 , TE3 , 16 , 24
41.5 , 18.5 , C.J. SPILLER , BUF , 9 , 43 , 40 , RB20 , RB18 , 17 , 20
43.0 , 17.5 , VICTOR CRUZ , NYG , 8 , 44 , 42 , WR16 , WR16 , 16 , 19
43.5 , 17.5 , RYAN MATHEWS , SD , 10 , 50 , 37 , RB22 , RB17 , 13 , 22
43.5 , 17.5 , TRENT RICHARDSON , IND , 10 , 36 , 51 , RB18 , RB21 , 23 , 12
44.0 , 16.5 , CAM NEWTON , CAR , 12 , 40 , 48 , QB6 , QB6 , 19 , 14
44.5 , 16.5 , RODDY WHITE , ATL , 9 , 46 , 43 , WR17 , WR17 , 15 , 18
46.5 , 15.0 , RAY RICE , BAL , 11 , 39 , 54 , RB19 , RB23 , 20 , 10
47.0 , 16.0 , FRANK GORE , SF , 8 , 53 , 41 , RB23 , RB19 , 12 , 20
49.0 , 14.5 , DESEAN JACKSON , WAS , 10 , 54 , 44 , WR20 , WR18 , 12 , 17
49.5 , 12.5 , VERNON DAVIS , SF , 8 , 49 , 50 , TE4 , TE4 , 13 , 12
50.0 , 13.0 , MICHAEL CRABTREE , SF , 8 , 51 , 49 , WR18 , WR20 , 13 , 13
53.0 , 12.5 , PERCY HARVIN , SEA , 4 , 59 , 47 , WR22 , WR19 , 10 , 15
54.5 , 11.0 , ROBERT GRIFFIN III , WAS , 10 , 47 , 62 , QB7 , QB7 , 14 , 8
56.0 , 10.5 , CHRIS JOHNSON , NYJ , 11 , 55 , 57 , RB24 , RB25 , 11 , 10
56.0 , 10.5 , TOBY GERHART , JAC , 11 , 60 , 52 , RB26 , RB22 , 10 , 11
56.5 , 10.0 , JULIAN EDELMAN , NE , 10 , 52 , 61 , WR19 , WR24 , 12 , 8
57.0 , 10.0 , SHANE VEREEN , NE , 10 , 48 , 66 , RB21 , RB28 , 13 , 7
59.0 , 9.5 , JOIQUE BELL , DET , 9 , 58 , 60 , RB25 , RB27 , 10 , 9
59.5 , 9.5 , NICK FOLES , PHI , 7 , 56 , 63 , QB8 , QB8 , 11 , 8
60.0 , 9.0 , RASHAD JENNINGS , NYG , 8 , 65 , 55 , RB27 , RB24 , 8 , 10
60.0 , 9.0 , MICHAEL FLOYD , ARI , 4 , 64 , 56 , WR25 , WR22 , 8 , 10
60.0 , 9.0 , CORDARRELLE PATTERSON , MIN , 10 , 61 , 59 , WR23 , WR23 , 9 , 9
61.0 , 8.5 , TORREY SMITH , BAL , 11 , 69 , 53 , WR27 , WR21 , 6 , 11
62.0 , 9.0 , REGGIE WAYNE , IND , 10 , 57 , 67 , WR21 , WR27 , 11 , 7
64.5 , 7.5 , STEVEN JACKSON , ATL , 9 , 71 , 58 , RB28 , RB26 , 6 , 9
66.0 , 7.0 , T.Y. HILTON , IND , 10 , 67 , 65 , WR26 , WR26 , 7 , 7
66.5 , 7.5 , COLIN KAEPERNICK , SF , 8 , 62 , 71 , QB9 , QB9 , 9 , 6
68.0 , 7.5 , GOLDEN TATE , DET , 9 , 63 , 73 , WR24 , WR30 , 9 , 6
69.0 , 6.0 , JEREMY MACLIN , PHI , 7 , 74 , 64 , WR30 , WR25 , 5 , 7
69.5 , 6.5 , EMMANUEL SANDERS , DEN , 4 , 70 , 69 , WR28 , WR28 , 6 , 7
72.5 , 5.5 , MARQUES COLSTON , NO , 6 , 75 , 70 , WR31 , WR29 , 5 , 6
73.5 , 5.0 , KENDALL WRIGHT , TEN , 9 , 73 , 74 , WR29 , WR31 , 5 , 5
75.0 , 5.5 , STEVAN RIDLEY , NE , 10 , 82 , 68 , RB30 , RB29 , 4 , 7
76.5 , 4.5 , JASON WITTEN , DAL , 11 , 78 , 75 , TE6 , TE5 , 4 , 5
77.0 , 4.5 , PIERRE THOMAS , NO , 6 , 77 , 77 , RB29 , RB31 , 4 , 5
78.0 , 4.5 , ERIC DECKER , NYJ , 11 , 80 , 76 , WR33 , WR32 , 4 , 5
80.0 , 4.0 , SAMMY WATKINS , BUF , 9 , 81 , 79 , WR34 , WR34 , 4 , 4
80.0 , 4.0 , MIKE WALLACE , MIA , 5 , 79 , 81 , WR32 , WR35 , 4 , 4
80.5 , 4.5 , WES WELKER , DEN , 4 , 83 , 78 , WR35 , WR33 , 4 , 5
81.0 , 4.5 , BISHOP SANKEY , TEN , 9 , 90 , 72 , RB32 , RB30 , 3 , 6
82.0 , 4.0 , JORDAN CAMERON , CLE , 4 , 68 , 96 , TE5 , TE6 , 6 , 2
82.5 , 4.5 , RUSSELL WILSON , SEA , 4 , 66 , 99 , QB10 , QB10 , 7 , 2
83.5 , 3.5 , TERRANCE WILLIAMS , DAL , 11 , 85 , 82 , WR36 , WR36 , 3 , 4
85.0 , 3.5 , CECIL SHORTS , JAC , 11 , 87 , 83 , WR38 , WR37 , 3 , 4
86.0 , 3.5 , MATT RYAN , ATL , 9 , 72 , 100 , QB11 , QB11 , 5 , 2
87.0 , 3.0 , ANQUAN BOLDIN , SF , 8 , 86 , 88 , WR37 , WR38 , 3 , 3
88.0 , 3.0 , DANNY WOODHEAD , SD , 10 , 84 , 92 , RB31 , RB39 , 3 , 3
89.0 , 3.0 , DEANDRE HOPKINS , HOU , 10 , 88 , 90 , WR39 , WR39 , 3 , 3
89.5 , 3.0 , MAURICE JONES-DREW , OAK , 5 , 99 , 80 , RB34 , RB32 , 2 , 4
89.5 , 3.0 , DARREN SPROLES , PHI , 7 , 94 , 85 , RB33 , RB34 , 2 , 4
91.5 , 3.0 , RILEY COOPER , PHI , 7 , 89 , 94 , WR40 , WR40 , 3 , 3
93.0 , 3.0 , DANNY AMENDOLA , NE , 10 , 91 , 95 , WR41 , WR41 , 3 , 3
93.5 , 3.0 , FRED JACKSON , BUF , 9 , 103 , 84 , RB35 , RB33 , 2 , 4
93.5 , 3.5 , TOM BRADY , NE , 10 , 76 , 111 , QB12 , QB12 , 5 , 2
94.5 , 2.5 , GREG JENNINGS , MIN , 10 , 92 , 97 , WR42 , WR42 , 3 , 2
96.0 , 3.0 , DEANGELO WILLIAMS , CAR , 12 , 106 , 86 , RB36 , RB35 , 2 , 4
98.0 , 2.0 , STEVE SMITH , BAL , 11 , 95 , 101 , WR44 , WR43 , 2 , 2
99.0 , 2.5 , LAMAR MILLER , MIA , 5 , 109 , 89 , RB38 , RB37 , 2 , 3
99.5 , 2.0 , DWAYNE BOWE , KC , 6 , 93 , 106 , WR43 , WR44 , 2 , 2
99.5 , 2.0 , SEATTLE SEAHAWKSD/ST ,  , 4 , 101 , 98 , DEF1 , DEF1 , 2 , 2
100.0 , 2.5 , KNOWSHON MORENO , MIA , 5 , 107 , 93 , RB37 , RB40 , 2 , 3
100.5 , 2.0 , KHIRY ROBINSON , NO , 6 , 114 , 87 , RB39 , RB36 , 1 , 3
104.5 , 2.0 , GREG OLSEN , CAR , 12 , 105 , 104 , TE8 , TE7 , 2 , 2
106.0 , 2.0 , DENNIS PITTA , BAL , 11 , 102 , 110 , TE7 , TE8 , 2 , 2
106.0 , 2.0 , CHRIS IVORY , NYJ , 11 , 121 , 91 , RB41 , RB38 , 1 , 3
106.5 , 1.5 , TONY ROMO , DAL , 11 , 98 , 115 , QB13 , QB13 , 2 , 1
107.0 , 1.5 , HAKEEM NICKS , IND , 10 , 97 , 117 , WR46 , WR46 , 2 , 1
108.0 , 1.5 , MIKE EVANS , TB , 7 , 96 , 120 , WR45 , WR47 , 2 , 1
110.5 , 1.5 , BERNARD PIERCE , BAL , 11 , 116 , 105 , RB40 , RB43 , 1 , 2
110.5 , 1.5 , JUSTIN HUNTER , TEN , 9 , 108 , 113 , WR48 , WR45 , 2 , 1
111.0 , 1.5 , PHILIP RIVERS , SD , 10 , 104 , 118 , QB14 , QB14 , 2 , 1
114.0 , 1.5 , DARREN MCFADDEN , OAK , 5 , 125 , 103 , RB42 , RB42 , 1 , 2
116.0 , 1.0 , JAY CUTLER , CHI , 9 , 113 , 119 , QB15 , QB15 , 1 , 1
117.0 , 1.5 , SHONN GREENE , TEN , 9 , 132 , 102 , RB44 , RB41 , 1 , 2
120.0 , 1.5 , JEREMY HILL , CIN , 4 , 128 , 112 , RB43 , RB47 , 1 , 2
121.0 , 1.0 , RUEBEN RANDLE , NYG , 8 , 117 , 125 , WR51 , WR48 , 1 , 1
121.5 , 1.0 , BEN ROETHLISBERGER , PIT , 12 , 120 , 123 , QB16 , QB16 , 1 , 1
122.5 , 1.0 , JARRETT BOYKIN , GB , 9 , 112 , 133 , WR50 , WR50 , 1 , 1
123.5 , 1.5 , JAMES JONES , OAK , 5 , 100 , 147 , WR47 , WR53 , 2 , 1
125.0 , 1.0 , MARKUS WHEATON , PIT , 12 , 111 , 139 , WR49 , WR52 , 1 , 1
125.0 , 1.5 , DONALD BROWN , SD , 10 , 141 , 109 , RB46 , RB46 , 1 , 2
126.5 , 1.0 , KYLE RUDOLPH , MIN , 10 , 115 , 138 , TE10 , TE9 , 1 , 1
128.0 , 1.0 , JORDAN REED , WAS , 10 , 110 , 146 , TE9 , TE10 , 1 , 1
129.0 , 1.0 , ANDY DALTON , CIN , 4 , 126 , 132 , QB17 , QB17 , 1 , 1
129.5 , 1.0 , SAN FRANCISCO 49ERSD/ST ,  , 8 , 119 , 140 , DEF3 , DEF3 , 1 , 1
130.5 , 1.0 , TAVON AUSTIN , STL , 4 , 130 , 131 , WR54 , WR49 , 1 , 1
131.5 , 1.0 , BRANDIN COOKS , NO , 6 , 127 , 136 , WR53 , WR51 , 1 , 1
132.0 , 1.0 , DENVER BRONCOSD/ST ,  , 4 , 123 , 141 , DEF4 , DEF4 , 1 , 1
132.5 , 1.0 , ROY HELU , WAS , 10 , 138 , 127 , RB45 , RB54 , 1 , 1
135.0 , 1.0 , ELI MANNING , NYG , 8 , 135 , 135 , QB18 , QB18 , 1 , 1
137.0 , 1.0 , MARK INGRAM , NO , 6 , 167 , 107 , RB48 , RB44 , 0 , 2
138.0 , 0.5 , TERRANCE WEST , CLE , 4 , 162 , 114 , RB47 , RB48 , 0 , 1
140.0 , 1.0 , CAROLINA PANTHERSD/ST ,  , 12 , 143 , 137 , DEF2 , DEF2 , 1 , 1
141.0 , 1.0 , ARIZONA CARDINALSD/ST ,  , 4 , 140 , 142 , DEF5 , DEF5 , 1 , 1
143.5 , 0.5 , ANDREW HAWKINS , CLE , 4 , 122 , 165 , WR52 , WR55 , 1 , 0
144.0 , 1.0 , CINCINNATI BENGALSD/ST ,  , 4 , 145 , 143 , DEF6 , DEF6 , 1 , 1
145.5 , 1.0 , ST. LOUIS RAMSD/ST ,  , 4 , 147 , 144 , DEF7 , DEF7 , 1 , 1
146.0 , 0.5 , MARTELLUS BENNETT , CHI , 9 , 118 , 174 , TE11 , TE11 , 1 , 0
146.5 , 1.0 , KANSAS CITY CHIEFSD/ST ,  , 6 , 148 , 145 , DEF8 , DEF8 , 1 , 1
148.5 , 1.0 , NEW ENGLAND PATRIOTSD/ST ,  , 10 , 149 , 148 , DEF9 , DEF9 , 1 , 1
148.5 , 0.5 , STEVE JOHNSON , SF , 8 , 136 , 161 , WR57 , WR54 , 1 , 0
149.5 , 1.0 , BUFFALO BILLSD/ST ,  , 9 , 150 , 149 , DEF10 , DEF10 , 1 , 1
150.0 , 0.5 , CARLOS HYDE , SF , 8 , 179 , 121 , RB50 , RB50 , 0 , 1
151.0 , 1.0 , STEPHEN GOSTKOWSKI , NE , 10 , 151 , 151 , K1 , K1 , 1 , 1
151.5 , 0.5 , DOUG BALDWIN , SEA , 4 , 133 , 170 , WR56 , WR57 , 1 , 0
152.0 , 1.0 , JUSTIN TUCKER , BAL , 11 , 152 , 152 , K2 , K2 , 1 , 1
153.0 , 1.0 , CHRISTINE MICHAEL , SEA , 4 , 198 , 108 , RB54 , RB45 , 0 , 2
153.0 , 1.0 , MASON CROSBY , GB , 9 , 153 , 153 , K3 , K3 , 1 , 1
153.0 , 0.5 , BRANDON LAFELL , NE , 10 , 139 , 167 , WR59 , WR56 , 1 , 0
154.0 , 0.5 , CARSON PALMER , ARI , 4 , 146 , 162 , QB19 , QB19 , 1 , 0
154.0 , 0.5 , DELANIE WALKER , TEN , 9 , 124 , 184 , TE12 , TE12 , 1 , 0
154.0 , 1.0 , STEVEN HAUSCHKA , SEA , 4 , 154 , 154 , K4 , K4 , 1 , 1
155.0 , 1.0 , PHIL DAWSON , SF , 8 , 155 , 155 , K5 , K5 , 1 , 1
156.0 , 0.5 , C.J. ANDERSON , DEN , 4 , 186 , 126 , RB52 , RB53 , 0 , 1
156.0 , 1.0 , NICK NOVAK , SD , 10 , 156 , 156 , K6 , K6 , 1 , 1
157.0 , 1.0 , ADAM VINATIERI , IND , 10 , 157 , 157 , K7 , K7 , 1 , 1
158.0 , 1.0 , BLAIR WALSH , MIN , 10 , 158 , 158 , K8 , K8 , 1 , 1
159.0 , 1.0 , DAN BAILEY , DAL , 11 , 159 , 159 , K9 , K9 , 1 , 1
160.0 , 1.0 , NICK FOLK , NYJ , 11 , 160 , 160 , K10 , K10 , 1 , 1
162.5 , 0.5 , KNILE DAVIS , KC , 6 , 201 , 124 , RB55 , RB52 , 0 , 1
162.5 , 0.5 , CHARLES CLAY , MIA , 5 , 129 , 196 , TE13 , TE14 , 1 , 0
163.0 , 0.5 , BRIAN HARTLINE , MIA , 5 , 131 , 195 , WR55 , WR63 , 1 , 0
163.5 , 0.5 , JAMES STARKS , GB , 9 , 205 , 122 , RB56 , RB51 , 0 , 1
164.0 , 0.5 , ZACH ERTZ , PHI , 7 , 134 , 194 , TE14 , TE13 , 1 , 0
166.0 , 0.5 , JORDAN TODMAN , JAC , 11 , 182 , 150 , RB51 , RB59 , 0 , 1
166.5 , 0.5 , LEGARRETTE BLOUNT , PIT , 12 , 217 , 116 , RB60 , RB49 , 0 , 1
167.5 , 0.5 , JONATHAN STEWART , CAR , 12 , 206 , 129 , RB57 , RB56 , 0 , 1
168.0 , 0.5 , JERRICHO COTCHERY , CAR , 12 , 137 , 199 , WR58 , WR65 , 1 , 0
168.0 , 0.0 , JOSH MCCOWN , TB , 7 , 168 , 168 , QB20 , QB20 , 0 , 0
169.5 , 0.5 , DEVONTA FREEMAN , ATL , 9 , 209 , 130 , RB58 , RB57 , 0 , 1
170.0 , 0.0 , DENARIUS MOORE , OAK , 5 , 161 , 179 , WR61 , WR59 , 0 , 0
171.5 , 0.0 , DEXTER MCCLUSTER , TEN , 9 , 174 , 169 , RB49 , RB63 , 0 , 0
171.5 , 0.5 , MIKE WILLIAMS , BUF , 9 , 142 , 201 , WR60 , WR67 , 1 , 0
173.0 , 0.0 , JOE FLACCO , BAL , 11 , 173 , 173 , QB21 , QB21 , 0 , 0
173.5 , 0.5 , ANTONIO GATES , SD , 10 , 144 , 203 , TE15 , TE15 , 1 , 0
174.0 , 0.0 , KENNY STILLS , NO , 6 , 172 , 176 , WR66 , WR58 , 0 , 0
174.0 , 0.5 , ANDRE WILLIAMS , NYG , 8 , 220 , 128 , RB61 , RB55 , 0 , 1
177.5 , 0.0 , ROD STREATER , OAK , 5 , 170 , 185 , WR65 , WR60 , 0 , 0
178.0 , 0.0 , MARQISE LEE , JAC , 11 , 169 , 187 , WR64 , WR61 , 0 , 0
180.5 , 0.0 , AARON DOBSON , NE , 10 , 164 , 197 , WR62 , WR64 , 0 , 0
181.0 , 0.5 , AHMAD BRADSHAW , IND , 10 , 228 , 134 , RB63 , RB58 , 0 , 1
181.0 , 0.0 , RYAN TANNEHILL , MIA , 5 , 185 , 177 , QB22 , QB22 , 0 , 0
182.5 , 0.0 , KELVIN BENJAMIN , CAR , 12 , 165 , 200 , WR63 , WR66 , 0 , 0
183.0 , 0.0 , ODELL BECKHAM , NYG , 8 , 178 , 188 , WR68 , WR62 , 0 , 0
185.0 , 0.0 , MARCEL REECE , OAK , 5 , 195 , 175 , RB53 , RB66 , 0 , 0
186.5 , 0.0 , ALEX SMITH , KC , 6 , 193 , 180 , QB23 , QB23 , 0 , 0
187.5 , 0.0 , LADARIUS GREEN , SD , 10 , 163 , 212 , TE16 , TE16 , 0 , 0
189.5 , 0.0 , TAMPA BAY BUCCANEERSD/ST ,  , 7 , 190 , 189 , DEF11 , DEF11 , 0 , 0
191.0 , 0.0 , NEW ORLEANS SAINTSD/ST ,  , 6 , 192 , 190 , DEF12 , DEF12 , 0 , 0
191.0 , 0.0 , JOHNNY MANZIEL , CLE , 4 , 200 , 182 , QB24 , QB24 , 0 , 0
192.0 , 0.0 , COBY FLEENER , IND , 10 , 171 , 213 , TE18 , TE17 , 0 , 0
192.5 , 0.0 , ANDRE ROBERTS , WAS , 10 , 180 , 205 , WR69 , WR68 , 0 , 0
194.0 , 0.0 , LATAVIUS MURRAY , OAK , 5 , 225 , 163 , RB62 , RB60 , 0 , 0
197.5 , 0.0 , KENNY BRITT , STL , 4 , 189 , 206 , WR73 , WR69 , 0 , 0
197.5 , 0.0 , ERIC EBRON , DET , 9 , 177 , 218 , TE20 , TE18 , 0 , 0
199.0 , 0.0 , HARRY DOUGLAS , ATL , 9 , 175 , 223 , WR67 , WR74 , 0 , 0
199.0 , 0.0 , MIKE TOLBERT , CAR , 12 , 212 , 186 , RB59 , RB70 , 0 , 0
199.5 , 0.0 , ROBBIE GOULD , CHI , 9 , 208 , 191 , K11 , K11 , 0 , 0
199.5 , 0.0 , JEROME SIMPSON , MIN , 10 , 184 , 215 , WR71 , WR70 , 0 , 0
202.0 , 0.0 , HEATH MILLER , PIT , 12 , 166 , 238 , TE17 , TE19 , 0 , 0
202.5 , 0.0 , BRYCE BROWN , BUF , 9 , 239 , 166 , RB67 , RB62 , 0 , 0
203.0 , 0.0 , LANCE DUNBAR , DAL , 11 , 235 , 171 , RB66 , RB64 , 0 , 0
203.5 , 0.0 , MALCOM FLOYD , SD , 10 , 183 , 224 , WR70 , WR75 , 0 , 0
205.5 , 0.0 , TRE MASON , STL , 4 , 230 , 181 , RB64 , RB68 , 0 , 0
207.0 , 0.0 , JONATHAN DWYER , ARI , 4 , 242 , 172 , RB68 , RB65 , 0 , 0
207.5 , 0.0 , ROBERT WOODS , BUF , 9 , 196 , 219 , WR75 , WR71 , 0 , 0
209.5 , 0.0 , LANCE MOORE , PIT , 12 , 191 , 228 , WR74 , WR77 , 0 , 0
209.5 , 0.0 , DONNIE AVERY , KC , 6 , 187 , 232 , WR72 , WR80 , 0 , 0
210.0 , 0.0 , BENJARVUS GREEN-ELLIS , CIN , 4 , 256 , 164 , RB72 , RB61 , 0 , 0
211.5 , 0.0 , SHAYNE GRAHAM , NO , 6 , 231 , 192 , K12 , K12 , 0 , 0
213.5 , 0.0 , JORDAN MATTHEWS , PHI , 7 , 207 , 220 , WR78 , WR72 , 0 , 0
216.5 , 0.0 , MARVIN JONES , CIN , 4 , 202 , 231 , WR77 , WR79 , 0 , 0
218.5 , 0.0 , ROBERT TURBIN , SEA , 4 , 259 , 178 , RB73 , RB67 , 0 , 0
218.5 , 0.0 , ANDRE HOLMES , OAK , 5 , 216 , 221 , WR81 , WR73 , 0 , 0
219.0 , 0.0 , TYLER EIFERT , CIN , 4 , 176 , 262 , TE19 , TE21 , 0 , 0
219.0 , 0.0 , HOUSTON TEXANSD/ST ,  , 10 , 204 , 234 , DEF13 , DEF13 , 0 , 0
219.5 , 0.0 , DWAYNE ALLEN , IND , 10 , 194 , 245 , TE23 , TE20 , 0 , 0
220.0 , 0.0 , KENBRELL THOMPKINS , NE , 10 , 213 , 227 , WR79 , WR76 , 0 , 0
220.5 , 0.0 , JACQUIZZ RODGERS , ATL , 9 , 233 , 208 , RB65 , RB76 , 0 , 0
221.5 , 0.0 , BRANDON BOLDEN , NE , 10 , 250 , 193 , RB70 , RB71 , 0 , 0
222.0 , 0.0 , NATE WASHINGTON , TEN , 9 , 215 , 229 , WR80 , WR78 , 0 , 0
222.5 , 0.0 , TIMOTHY WRIGHT , NE , 10 , 181 , 264 , TE21 , TE22 , 0 , 0
222.5 , 0.0 , EJ MANUEL , BUF , 9 , 229 , 216 , QB25 , QB25 , 0 , 0
223.0 , 0.0 , JEREMY KERLEY , NYJ , 11 , 199 , 247 , WR76 , WR84 , 0 , 0
224.5 , 0.0 , CHRIS POLK , PHI , 7 , 266 , 183 , RB75 , RB69 , 0 , 0
225.5 , 0.0 , SHAUN DRAUGHN , CHI , 9 , 249 , 202 , RB69 , RB73 , 0 , 0
227.0 , 0.0 , SANTONIO HOLMES , CHI , 9 , 219 , 235 , WR82 , WR82 , 0 , 0
228.0 , 0.0 , JERMAINE KEARSE , SEA , 4 , 223 , 233 , WR84 , WR81 , 0 , 0
230.0 , 0.0 , JONATHAN GRIMES , HOU , 10 , 262 , 198 , RB74 , RB72 , 0 , 0
233.5 , 0.0 , JARED COOK , STL , 4 , 188 , 279 , TE22 , TE25 , 0 , 0
233.5 , 0.0 , RONNIE HILLMAN , DEN , 4 , 253 , 214 , RB71 , RB80 , 0 , 0
235.5 , 0.0 , AUSTIN SEFERIAN-JENKINS , TB , 7 , 203 , 268 , TE25 , TE23 , 0 , 0
237.5 , 0.0 , MARLON BROWN , BAL , 11 , 234 , 241 , WR87 , WR83 , 0 , 0
238.0 , 0.0 , STEPFAN TAYLOR , ARI , 4 , 269 , 207 , RB76 , RB75 , 0 , 0
239.0 , 0.0 , EDDIE ROYAL , SD , 10 , 226 , 252 , WR85 , WR85 , 0 , 0
239.5 , 0.0 , GENO SMITH , NYJ , 11 , 236 , 243 , QB26 , QB26 , 0 , 0
240.5 , 0.0 , BOBBY RAINEY , TB , 7 , 277 , 204 , RB79 , RB74 , 0 , 0
241.0 , 0.0 , GARRETT GRAHAM , HOU , 10 , 197 , 285 , TE24 , TE26 , 0 , 0
241.0 , 0.0 , JERICK MCKINNON , MIN , 10 , 273 , 209 , RB77 , RB77 , 0 , 0
241.5 , 0.0 , JACE AMARO , NYJ , 11 , 214 , 269 , TE27 , TE24 , 0 , 0
243.0 , 0.0 , CHRIS GIVENS , STL , 4 , 221 , 265 , WR83 , WR90 , 0 , 0
243.5 , 0.0 , JAMES WHITE , NE , 10 , 276 , 211 , RB78 , RB79 , 0 , 0
244.5 , 0.0 , MILES AUSTIN , CLE , 4 , 232 , 257 , WR86 , WR87 , 0 , 0
246.0 , 0.0 , BENNY CUNNINGHAM , STL , 4 , 282 , 210 , RB80 , RB78 , 0 , 0
249.0 , 0.0 , JAKE LOCKER , TEN , 9 , 248 , 250 , QB27 , QB27 , 0 , 0
252.0 , 0.0 , JARVIS LANDRY , MIA , 5 , 244 , 260 , WR89 , WR89 , 0 , 0
254.5 , 0.0 , TED GINN , ARI , 4 , 254 , 255 , WR91 , WR86 , 0 , 0
255.5 , 0.0 , BALTIMORE RAVENSD/ST ,  , 11 , 211 , 300 , DEF14 , DEF14 , 0 , 0
256.5 , 0.0 , MATT BRYANT , ATL , 9 , 237 , 276 , K13 , K13 , 0 , 0
257.0 , 0.0 , OWEN DANIELS , BAL , 11 , 224 , 290 , TE30 , TE27 , 0 , 0
257.0 , 0.0 , ANDREW QUARLESS , GB , 9 , 218 , 296 , TE28 , TE28 , 0 , 0
257.5 , 0.0 , BILAL POWELL , NYJ , 11 , 285 , 230 , RB81 , RB85 , 0 , 0
258.5 , 0.0 , JERREL JERNIGAN , NYG , 8 , 258 , 259 , WR92 , WR88 , 0 , 0
258.5 , 0.0 , JOSEPH RANDLE , DAL , 11 , 295 , 222 , RB84 , RB82 , 0 , 0
258.5 , 0.0 , COLE BEASLEY , DAL , 11 , 246 , 271 , WR90 , WR93 , 0 , 0
259.0 , 0.0 , RONNIE BROWN , HOU , 10 , 293 , 225 , RB83 , RB83 , 0 , 0
261.5 , 0.0 , MATT CASSEL , MIN , 10 , 260 , 263 , QB28 , QB28 , 0 , 0
262.5 , 0.0 , MATT ASIATA , MIN , 10 , 299 , 226 , RB86 , RB84 , 0 , 0
263.0 , 0.0 , ALEX HENERY , PHI , 7 , 245 , 281 , K14 , K14 , 0 , 0
266.0 , 0.0 , MOHAMED SANU , CIN , 4 , 241 , 291 , WR88 , WR98 , 0 , 0
267.0 , 0.0 , DAVANTE ADAMS , GB , 9 , 268 , 266 , WR95 , WR91 , 0 , 0
267.0 , 0.0 , KA'DEEM CAREY , CHI , 9 , 298 , 236 , RB85 , RB86 , 0 , 0
268.0 , 0.0 , DE'ANTHONY THOMAS , KC , 6 , 288 , 248 , RB82 , RB93 , 0 , 0
269.0 , 0.0 , JASON AVANT , CAR , 12 , 265 , 273 , WR94 , WR94 , 0 , 0
270.5 , 0.0 , NATE BURLESON , CLE , 4 , 261 , 280 , WR93 , WR95 , 0 , 0
270.5 , 0.0 , GREG LITTLE , OAK , 5 , 271 , 270 , WR96 , WR92 , 0 , 0
272.5 , 0.0 , BRANDON MCMANUS , DEN , 4 , 251 , 294 , K15 , K15 , 0 , 0
277.5 , 0.0 , GRAHAM GANO , CAR , 12 , 257 , 298 , K16 , K16 , 0 , 0
278.5 , 0.0 , ALLEN ROBINSON , JAC , 11 , 274 , 283 , WR97 , WR96 , 0 , 0
282.0 , 0.0 , MARTAVIS BRYANT , PIT , 12 , 278 , 286 , WR99 , WR97 , 0 , 0
284.5 , 0.0 , MATT SCHAUB , OAK , 5 , 280 , 289 , QB29 , QB29 , 0 , 0
291.5 , 0.0 , VINCENT BROWN , SD , 10 , 286 , 297 , WR101 , WR99 , 0 , 0
305.0 , 0.0 , MYCHAL RIVERA , OAK , 5 , 210 , 400 , TE26 , NA , 0 , 0
311.0 , 0.0 , TRAVIS KELCE , KC , 6 , 222 , 400 , TE29 , NA , 0 , 0
313.5 , 0.0 , CLEVELAND BROWNSD/ST ,  , 4 , 227 , 400 , DEF15 , NA , 0 , 0
319.0 , 0.0 , PITTSBURGH STEELERSD/ST ,  , 12 , 238 , 400 , DEF16 , NA , 0 , 0
320.0 , 0.0 , SCOTT CHANDLER , BUF , 9 , 240 , 400 , TE31 , NA , 0 , 0
321.5 , 0.0 , JERMAINE GRESHAM , CIN , 4 , 243 , 400 , TE32 , NA , 0 , 0
323.5 , 0.0 , NEW YORK GIANTSD/ST ,  , 8 , 247 , 400 , DEF17 , NA , 0 , 0
326.0 , 0.0 , MARCEDES LEWIS , JAC , 11 , 252 , 400 , TE33 , NA , 0 , 0
327.5 , 0.0 , PHILADELPHIA EAGLESD/ST ,  , 7 , 255 , 400 , DEF18 , NA , 0 , 0
331.5 , 0.0 , MIKE NUGENT , CIN , 4 , 263 , 400 , K17 , NA , 0 , 0
332.0 , 0.0 , DETROIT LIONSD/ST ,  , 9 , 264 , 400 , DEF19 , NA , 0 , 0
333.5 , 0.0 , ZACH MILLER , SEA , 4 , 267 , 400 , TE34 , NA , 0 , 0
335.0 , 0.0 , SHAUN SUISHAM , PIT , 12 , 270 , 400 , K18 , NA , 0 , 0
336.0 , 0.0 , BRANDON PETTIGREW , DET , 9 , 272 , 400 , TE35 , NA , 0 , 0
337.5 , 0.0 , JOHN BROWN , ARI , 4 , 275 , 400 , WR98 , NA , 0 , 0
339.5 , 0.0 , C.J. FIEDOROWICZ , HOU , 10 , 279 , 400 , TE36 , NA , 0 , 0
340.5 , 0.0 , INDIANAPOLIS COLTSD/ST ,  , 10 , 281 , 400 , DEF20 , NA , 0 , 0
341.5 , 0.0 , ACE SANDERS , JAC , 11 , 283 , 400 , WR100 , NA , 0 , 0
342.0 , 0.0 , BRENT CELEK , PHI , 7 , 284 , 400 , TE37 , NA , 0 , 0
343.5 , 0.0 , RYAN SUCCOP , KC , 6 , 287 , 400 , K19 , NA , 0 , 0
344.5 , 0.0 , CODY LATIMER , DEN , 4 , 289 , 400 , WR102 , NA , 0 , 0
345.0 , 0.0 , ANDRE CALDWELL , DEN , 4 , 290 , 400 , WR103 , NA , 0 , 0
345.5 , 0.0 , GREG ZUERLEIN , STL , 4 , 291 , 400 , K20 , NA , 0 , 0
346.0 , 0.0 , BRANDON BOSTICK , GB , 9 , 292 , 400 , TE38 , NA , 0 , 0
347.0 , 0.0 , RYAN BROYLES , DET , 9 , 294 , 400 , WR104 , NA , 0 , 0
348.0 , 0.0 , JOHN CARLSON , ARI , 4 , 296 , 400 , TE39 , NA , 0 , 0
348.5 , 0.0 , A.J. JENKINS , KC , 6 , 297 , 400 , WR105 , NA , 0 , 0
350.0 , 0.0 , JACOBY JONES , BAL , 11 , 300 , 400 , WR106 , NA , 0 , 0
